index,rank,information__list_id,information__system,information__is_cloud,information__is_vendor,information__institution,information__storage_vendor,information__submission_date,information__storage_install_date,information__filesystem_type,information__filesystem_version,information__client_nodes,information__client_total_procs,information__client_procs_per_node,information__client_operating_system,information__client_operating_system_version,information__client_kernel_version,information__md_nodes,information__md_storage_devices,information__md_volatile_memory_capacity,information__md_storage_type,information__md_storage_interface,information__md_network,information__ds_nodes,information__ds_storage_devices,information_net_ds_storage_devices,information__ds_volatile_memory_capacity,information__ds_storage_type,information__ds_storage_interface,information__ds_storage_price_gb,information__ds_storage_net_price_per_gb,information__ds_network,ior__easy_write,ior__easy_read,ior__hard_write,ior__hard_read,mdtest__easy_write,mdtest__easy_stat,mdtest__easy_delete,mdtest__hard_write,mdtest__hard_read,mdtest__hard_stat,mdtest__hard_delete,find__easy,io500__tot_iops,io500__bw,io500__md,io500__score
55,56,sc19,AI400,no,-1.0,DDN,DDN,11/10/2019,None,Lustre,2.12.58,10,240,24,CentOS,8.0.1905,4.18.0-80.el8.x86_64,2.0,0.0,64,NAND,NVMe,IB-EDR,2.0,12.0,24.0,64,NAND,NVMe,0.15,3.6,IB,28.62,41.72,2.96,42.19,152.84,451.97,132.76,79.65,172.59,449.93,75.15,810.42,159.38,19.65,207.63,63.88
47,48,isc20,AI400X,no,-1.0,DDN,DDN,7/13/2020,6/30/2020,Lustre,2.13.53,10,160,16,CentOS,8.1.1911,4.18.0-147.8.1.el8_1.x86_64,0.0,-1.0,-1,None,None,None,2.0,10.0,20.0,86016,NAND,NVMe,0.15,3.0,IB-EDR,37.56,45.95,2.77,40.81,157.22,453.51,135.09,90.47,169.0,446.75,76.94,1698.37,175.83,21.01,232.7,69.92
30,31,isc20,AI400X,no,-1.0,DDN,DDN,7/13/2020,6/30/2020,Lustre,2.13.54,40,1280,32,CentOS,8.1.1911,4.18.0-147.8.1.el8_1.x86_64,0.0,-1.0,-1,None,None,None,4.0,10.0,40.0,86016,NAND,NVMe,0.15,6.0,IB-EDR,73.57,88.89,10.19,72.23,378.84,1069.15,237.28,131.45,350.85,1108.62,99.59,1361.85,330.1,46.84,400.84,137.03
68,69,sc19,Aspire 1,no,-1.0,"National Supercomputing Centre, Singapore",DDN,10/10/2019,None,IME,None,10,160,16,CentOS,6.1,None,-1.0,-1.0,-1,None,None,None,-1.0,-1.0,-1.0,-1,None,None,-1.0,-1.0,None,95.8,107.8,100.03,103.75,61.59,21.73,13.46,20.14,6.29,10.76,91.62,5.37,54.42,101.75,18.21,43.04
86,87,sc19,BEAR-AI,no,-1.0,University of Birmingham,DDN,11/10/2019,4/1/2019,Spectrum Scale,5.0.3.3,10,80,8,Red Hat Enterprise Linux,7.6,4.14.0-115.7.1.el7a.ppc64le,0.0,-1.0,-1,None,None,None,4.0,20.0,80.0,96,NAND,NVMe,0.15,12.0,IB,8.88,24.89,0.54,0.47,103.11,188.93,51.04,23.01,124.97,188.01,11.72,496.59,46.09,2.74,86.48,15.39
83,84,isc20,Cedar,no,-1.0,Simon Fraser University,Dell/Seagate,7/13/2020,6/1/2017,Lustre,2.12.4,288,288,1,CentOS,7.7.1908,3.10.0-1062.12.1.el7.x86_64,2.0,1.0,128,NAND,SAS,Omnipath,12.0,4.0,48.0,128,HDD,SAS,0.02,0.96,Omnipath,31.82,40.18,0.51,5.25,13.8,90.03,31.76,14.39,30.37,43.65,29.41,866.52,42.48,7.66,45.75,18.72
18,19,sc19,DGX-2H SuperPOD,no,-1.0,NVIDIA,DDN,11/12/2019,5-Nov,Lustre,5,10,400,40,NVIDIA DGX-OS,4.02,4.15.0-50-generic,10.0,2.0,94208,NAND,NVMe,IB-EDR,10.0,21.0,210.0,192,NAND,NVMe,0.15,31.5,IB-EDR,273.16,286.17,11.16,65.59,799.58,2000.81,485.87,446.27,472.52,881.03,584.58,815.97,597.16,86.97,715.76,249.5
33,34,isc20,DIME,no,-1.0,DDN,DDN,7/13/2020,1/3/2018,IME,1.4,10,110,11,CentOS,7.7.1908,3.1,2.0,13.0,-1,NAND,NVMe,IB-EDR,6.0,18.0,108.0,221184,NAND,NVMe,0.15,16.2,IB-EDR,103.14,97.75,105.4,95.49,159.5,354.26,110.08,24.48,195.46,55.68,21.6,3322.34,207.29,100.37,136.27,116.95
57,58,sc19,Data Accelerator,no,-1.0,University of Cambridge,Dell EMC,11/10/2019,5/1/2018,Lustre,2.13 (tip of master branch as of running),10,320,32,CentOS,7.7.1908,3.10.0-957.10.1.el7.x86_64,24.0,1.0,192,NAND,NVMe,Omnipath,24.0,12.0,288.0,192,NAND,NVMe,0.15,43.2,Omnipath,142.4,106.33,3.18,4.62,435.7,1184.27,129.62,29.81,59.01,65.4,10.74,7348.56,142.59,21.73,167.09,60.25
19,20,sc19,Data Accelerator,no,-1.0,University of Cambridge,Dell EMC,11/10/2019,5/1/2018,Lustre,2.13 (tip of master branch as of running),128,2048,16,CentOS,7.7.1908,3.10.0-957.10.1.el7.x86_64,24.0,1.0,192,NAND,NVMe,Omnipath,24.0,12.0,288.0,192,NAND,NVMe,0.15,43.2,Omnipath,341.24,383.01,14.14,160.55,1679.63,402.08,715.5,274.07,466.83,35.93,106.3,2839.21,465.59,131.25,401.13,229.45
59,60,isc20,EC2-10xi3en.metal,yes,-1.0,Red Hat,Red Hat,7/13/2020,7/5/2020,CephFS,Master (e9cc7d86),10,320,32,Fedora,31,5.7.6-201.fc32.x86_64,10.0,8.0,768,NAND,NVMe,100GbE,10.0,8.0,80.0,768,NAND,NVMe,0.15,12.0,None,36.26,75.62,9.14,19.08,191.98,903.11,123.45,17.19,87.51,97.4,18.81,965.79,124.75,26.29,124.3,57.17
48,49,sc19,EXA5-GCP-PD-SSD,no,-1.0,Google Cloud,Google Cloud,11/4/2019,11/6/2019,Lustre,EXA5 - Lustre 2.12.3,200,1600,8,CentOS,7.7.1908,None,5.0,1.0,240,NAND,None,None,100.0,1.0,100.0,240,NAND,None,0.15,15.0,None,77.43,102.16,4.24,15.67,143.67,593.05,100.45,118.72,113.16,183.34,46.94,725.47,155.31,26.93,170.61,67.78
63,64,sc19,EXA5-GCP-PD-STD,no,-1.0,Google Cloud,Google Cloud,11/6/2019,11/6/2019,Lustre,EXA5 - Lustre 2.12.3,200,1600,8,CentOS,7.7.1908,None,5.0,1.0,240,NAND,None,None,100.0,1.0,100.0,60,HDD,None,0.02,2.0,None,38.68,82.5,8.47,3.32,167.63,583.86,91.02,105.95,77.63,197.42,51.28,641.47,129.52,17.31,162.06,52.96
10,11,isc20,Frontera,no,-1.0,TACC,Intel,7/13/2020,None,DAOS,1.1,10,420,42,CentOS,7.8.2003,3.10.0-1127.13.1.el7.x86_64,0.0,-1.0,-1,None,None,None,15.0,24.0,360.0,256,3DXP,DIMM,10.0,3600.0,IB,97.47,72.61,83.42,66.51,5151.86,4672.87,2788.83,2343.71,3215.92,4081.08,2716.13,2339.18,1593.86,79.16,3271.49,508.88
4,5,isc20,Frontera,no,-1.0,TACC,Intel,7/13/2020,None,DAOS,1.1,60,1440,24,CentOS,7.8.2003,3.10.0-1127.13.1.el7.x86_64,0.0,-1.0,-1,None,None,None,16.0,24.0,384.0,256,3DXP,DIMM,10.0,3840.0,IB,90.84,75.75,76.33,71.62,11306.0,11124.8,6542.63,5015.78,7406.07,9156.06,5949.25,5696.3,2748.86,78.31,7449.56,763.8
42,43,isc20,Govorun,no,-1.0,JINR,RSC Group,7/13/2020,18-Mar,Lustre,2.13.0,50,800,16,CentOS,7.7.1908,3.10.0-1062.1.1.el7.x86_64,12.0,2.0,187,NAND,NVMe,Omnipath,12.0,2.0,24.0,187,NAND,NVMe,0.15,3.6,Omnipath,156.46,78.78,11.67,11.18,492.38,858.77,348.72,113.77,164.74,201.26,67.45,222.76,209.16,35.61,231.88,90.87
72,73,sc19,HAL,no,-1.0,CNES,DDN,11/12/2019,1/1/2017,Spectrum Scale,4.2.3-18,96,96,1,CentOS,7.6.1810,3.10.0-957.12.2.el7.x86_64,2.0,8.0,128,NAND,NVMe,IB-EDR,8.0,37.0,296.0,128,HDD,None,0.02,5.92,IB,63.01,71.72,0.05,22.31,127.33,275.04,110.6,19.05,110.56,232.81,29.34,2965.49,93.6,8.51,141.99,34.76
70,71,sc19,HAL,no,-1.0,CNES,DDN,11/8/2019,1/1/2017,Spectrum Scale,4.2.3-18,96,96,1,CentOS,7.6.1810,3.10.0-957.12.2.el7.x86_64,2.0,12.0,192,NAND,NVMe,IB-EDR,4.0,75.0,300.0,192,NAND,SAS,0.15,45.0,IB-EDR,62.64,72.33,0.09,20.86,144.07,277.73,111.9,18.27,108.14,234.03,28.98,2786.44,97.9,9.71,142.2,37.16
95,96,isc20,HAL,no,-1.0,National Center for Supercomputing Applications,DDN,7/13/2020,19-Sep,Spectrum Scale,5.0.5.0,10,100,10,CentOS,7.7.1908,4.18.0-147.0.3.el7.ppc64le,8.0,2.0,32,NAND,NVMe,IB-EDR,8.0,2.0,16.0,32,NAND,NVMe,0.15,2.4,IB,14.86,12.74,0.43,2.1,71.46,105.83,33.26,2.39,65.37,104.91,0.46,1300.12,27.86,3.62,35.37,11.31
91,92,sc19,Hadley,no,-1.0,Nanyang Technological University,DDN,9/27/2019,9/27/2019,GPFS,4.2.3.9,10,640,64,CentOS,7.5.1804,3.10.0-862.2.3.el7.x86_64,-1.0,-1.0,-1,None,None,None,-1.0,-1.0,-1.0,-1,None,None,-1.0,-1.0,None,29.93,37.23,0.82,3.39,39.58,61.87,31.98,9.18,13.83,14.4,4.65,89.69,26.03,7.47,22.24,12.89
88,89,isc20,HammerHead,no,-1.0,SUSE,SUSE/Ampere/Arm,7/13/2020,6/10/2020,CephFS,6,10,200,20,SUSE Linux Enterprise,15 SP 1,4.12.14-197.37-default,12.0,4.0,128,NAND,NVMe,100GbE,10.0,4.0,40.0,128,NAND,NVMe,0.15,6.0,Ethernet,12.63,6.85,2.5,11.43,20.85,69.34,20.87,9.27,27.23,89.19,6.18,275.88,32.7,7.05,32.21,15.07
85,86,isc20,HammerHead,no,-1.0,SUSE,SUSE/Ampere/Arm,7/13/2020,7/11/2020,CephFS,6,10,220,22,SUSE Linux Enterprise,15 SP 1,4.12.14-197.37-default,12.0,4.0,128,NAND,NVMe,100GbE,10.0,4.0,40.0,128,NAND,NVMe,0.15,6.0,Ethernet,12.66,7.42,2.53,12.2,21.39,93.87,18.17,8.84,28.06,103.75,5.63,280.43,33.82,7.34,33.22,15.61
100,101,sc19,IST Austria HPC,no,-1.0,IST Austria,Homemade@IST,11/8/2019,9/2/2019,BeeGFS,7.1.3,4,80,20,Debian,9,4.9.0-9-amd64,2.0,2.0,128,NAND,NVMe,IB-EDR,3.0,44.0,132.0,128,HDD,SAS,0.02,2.64,IB-EDR,5.53,7.81,0.14,1.63,31.98,161.53,38.75,8.2,16.44,91.11,8.86,299.5,23.82,1.77,39.98,8.41
106,107,sc19,IST Austria HPC,no,-1.0,IST Austria,Homemade@IST,11/8/2019,9/2/2019,BeeGFS,7.1.3,10,100,10,Debian,9,4.9.0-9-amd64,2.0,2.0,128,NAND,NVMe,IB-EDR,3.0,44.0,132.0,128,HDD,SAS,0.02,2.64,IB-EDR,5.65,8.39,0.23,0.34,31.21,131.81,39.34,8.17,18.72,37.08,9.75,111.59,18.8,1.39,31.62,6.63
38,39,isc20,MOGON II,no,-1.0,Johannes Gutenberg University Mainz,JGU (ADA-FS)& BSC (NEXTGenIO),7/13/2020,10/1/2017,GekkoFS,0.8dev,10,160,16,CentOS,7.4.1708,3.10.0-1127.8.2.el7.x86_64,200.0,1.0,-1,NAND,SATA,Omnipath,200.0,1.0,200.0,-1,NAND,SATA,0.15,30.0,Omnipath,63.11,22.49,2.87,4.46,1462.02,1454.74,782.98,249.1,284.09,1493.59,273.36,3542.87,329.1,11.61,801.6,96.46
102,103,isc20,Mistral,no,-1.0,German Climate Computing Center,Cray,7/13/2020,3/1/2015,Lustre,2.11.0.300_cray_102_g3dbace1,10,120,12,Red Hat Enterprise Linux,6.1,2.6.32-754.14.2.el6.x86_64,1.0,-1.0,-1,None,None,IB-HDR,62.0,84.0,5208.0,-1,HDD,None,0.02,104.16,IB,28.68,26.08,0.11,0.93,14.03,37.48,8.06,10.55,15.59,30.2,8.34,247.53,18.57,2.93,21.36,7.92
94,95,isc20,NCSA Industry System,no,-1.0,National Center for Supercomputing Applications,DDN/Dell,7/13/2020,15-Mar,Spectrum Scale,5.0.5.0,8,96,12,Red Hat Enterprise Linux,7.8,3.10.0-1127.10.1.el7.x86_64,4.0,4.0,128,NAND,NVMe,IB-QDR,4.0,21.0,84.0,128,HDD,None,0.02,1.68,IB,9.38,10.08,0.77,1.15,81.88,222.3,58.88,8.36,21.41,23.26,8.44,1130.61,33.31,3.03,50.54,12.37
32,33,sc19,NEXTGenIO Prototype,no,-1.0,EPCC,BSC (NEXTGenIO) & JGU (Ada-FS),10/6/2019,1/1/2019,GekkoFS,0.6dev,10,240,24,CentOS,7.6.1810,3.10.0-862.14.4.el7.x86_64,33.0,2.0,2048,3DXP,DIMM,Omnipath,33.0,2.0,66.0,2000,3DXP,NVMe,1.2,79.2,Omnipath,67.81,38.39,3.49,23.39,1733.37,1718.61,891.28,194.59,496.41,1625.07,313.65,608.03,379.1,21.47,728.68,125.08
16,17,isc20,NURION,no,-1.0,KISTI,DDN,7/13/2020,2018,IME,1.4,2048,2048,1,CentOS,7.7.1908,3.10.0-1062.el7.x86_64,48.0,16.0,2,NAND,NVMe,Omnipath,0.0,-1.0,-1.0,-1,None,None,-1.0,-1.0,None,787.72,690.78,740.42,175.4,22.62,1667.46,28.24,15.67,1320.59,1659.24,18.38,489.04,389.3,515.59,154.74,282.45
25,26,isc20,NextGENIO,no,-1.0,EPCC,NextGenIO (BSC & JGU),7/13/2020,1/1/2019,GekkoFS,0.8dev,10,280,28,CentOS,7.6.1810,3.10.0-862.14.4.el7.x86_64,28.0,2.0,-1,3DXP,NVMe,Omnipath,28.0,2.0,56.0,-1,3DXP,NVMe,1.2,67.2,Omnipath,64.15,71.44,3.45,24.06,1880.28,1841.93,981.05,187.32,547.29,1773.11,299.22,3136.93,469.59,24.83,934.12,152.3
2,3,sc19,None,yes,-1.0,Amazon,Amazon,11/11/2019,11/8/2019,wekaio,3.5,345,8625,25,Amazon Linux,2017.09,4.9.51-10.52.amzn1.x86_64,120.0,8.0,768,NAND,NVMe,None,120.0,8.0,960.0,768,NAND,NVMe,0.15,144.0,Ethernet,298.13,325.62,71.57,134.2,2235.66,36673.3,3385.19,438.86,7709.03,28649.1,476.12,32781.35,2770.21,174.74,5045.33,938.95
24,25,sc19,None,yes,-1.0,Amazon,Amazon,11/12/2019,11/11/2019,wekaio,3.5,10,2610,261,CentOS,7.6.1810,3.10.0-957.el7.x86_64,26.0,6.0,352,NAND,NVMe,IB-HDR,26.0,6.0,156.0,352,NAND,NVMe,0.15,23.4,IB-HDR,81.06,85.54,25.64,56.16,789.96,4155.24,921.6,112.61,489.3,32.5,35.05,6846.39,370.88,56.22,435.76,156.51
23,24,isc20,Oakforest-PACS,no,-1.0,JCAHPC,DDN,7/13/2020,12/1/2016,IME,1.2.2,2048,16384,8,CentOS,7.3.1611,3.10.0-514.el7.x86_64,1.0,12.0,-1,NAND,NVMe,Omnipath,24.0,2.0,48.0,-1,NAND,NVMe,0.15,7.2,Omnipath,917.79,1000.35,402.19,309.5,51.39,180.01,38.92,13.09,126.68,40.47,4.74,271.76,187.22,581.43,48.6,168.09
29,30,isc20,Oakforest-PACS,no,-1.0,JCAHPC,DDN,7/13/2020,12/1/2016,IME,1.3.2.1,512,4096,8,CentOS,7.3.1611,3.1,1.0,12.0,-1,NAND,NVMe,Omnipath,24.0,2.0,48.0,-1,NAND,NVMe,0.15,7.2,Omnipath,333.95,574.15,281.95,250.98,12.18,197.2,84.11,11.88,123.41,128.04,23.11,273.76,185.86,341.29,62.74,146.33
22,23,isc20,Oakforest-PACS,no,-1.0,JCAHPC,DDN,7/13/2020,12/1/2016,IME,1.3.2.1,512,4096,8,CentOS,7.3.1611,3.10.0-514.el7.x86_64,1.0,12.0,-1,NAND,NVMe,Omnipath,24.0,2.0,48.0,-1,NAND,NVMe,0.15,7.2,Omnipath,371.7,578.73,292.75,235.43,12.2,1004.53,104.68,2.25,693.18,663.3,23.9,119.84,235.72,348.95,88.62,175.85
77,78,isc20,Officinalis,no,-1.0,None,"Red Hat, Intel, QCT",7/13/2020,9/1/2019,CephFS,Master (02fc51de),1,112,112,CentOS,8.0.1905,4.18.0-147.6.el8.x86_64,8.0,8.0,384,NAND,NVMe,25GbE,8.0,8.0,64.0,384,NAND,NVMe,0.15,9.6,4x25GbE,10.25,10.23,7.63,7.51,123.68,359.29,100.24,16.19,92.43,101.85,16.42,255.65,67.49,8.81,85.48,27.43
49,50,isc20,Officinalis,no,-1.0,None,"Red Hat, Intel, QCT",7/13/2020,9/1/2019,CephFS,Master (02fc51de),8,256,32,CentOS,8.0.1905,4.18.0-147.6.el8.x86_64,8.0,8.0,384,NAND,NVMe,25GbE,8.0,8.0,64.0,384,NAND,NVMe,0.15,9.6,4x25GbE,57.47,70.8,11.61,14.13,174.64,719.13,131.73,10.4,132.62,417.7,28.7,1313.62,149.56,28.58,156.48,66.88
67,68,sc19,Oracle Cloud Infrastructure,yes,-1.0,Oracle Cloud Infrastructure,Oracle Cloud Infrastructure,10/3/2019,None,Spectrum Scale,5.0.3.2,30,480,16,CentOS,8.0.1905,3.10.0-957.27.2.el7.x86_64,22.0,11.0,768,NAND,NVMe,25GbE,22.0,11.0,242.0,768,NAND,NVMe,0.15,36.3,25GbE,36.38,53.59,3.61,24.55,430.84,604.52,341.63,17.93,31.54,30.86,8.72,1692.21,106.23,20.38,110.93,47.55
73,74,isc20,Oracle Cloud Infrastructure,yes,-1.0,Oracle Cloud Infrastructure,Oracle Cloud Infrastructure,7/13/2020,6/15/2020,BeeGFS,7.1.5,10,160,16,Oracle Linux UEK,7.7,4.14.35-1902.6.6.el7uek.x86_64,10.0,1.0,384,NAND,NVMe,100GbE,10.0,10.0,100.0,384,NAND,NVMe,0.15,15.0,Ethernet,26.06,27.22,3.0,18.18,163.2,720.73,327.7,3.02,17.66,61.23,9.61,987.0,73.31,14.02,76.67,32.79
17,18,isc20,Oracle Cloud Infrastructure,yes,-1.0,Oracle Cloud Infrastructure,Oracle Cloud Infrastructure,7/13/2020,6/19/2020,BeeGFS,7.1.5,270,3240,12,Oracle Linux UEK,7.7,4.14.35-1902.6.6.el7uek.x86_64,270.0,1.0,384,NAND,NVMe,100GbE,270.0,1.0,270.0,384,NAND,NVMe,0.15,40.5,Ethernet,465.69,665.58,67.57,352.15,2888.24,13150.1,4880.11,1.82,17.63,30.92,7.95,8524.15,436.55,293.05,243.73,267.25
21,22,isc20,Oracle Cloud Infrastructure,yes,-1.0,Oracle Cloud Infrastructure,Oracle Cloud Infrastructure,7/13/2020,6/7/2020,BeeGFS,7.1.5,170,2040,12,Oracle Linux UEK,7.7,4.14.35-1902.6.6.el7uek.x86_64,150.0,1.0,384,NAND,NVMe,100GbE,170.0,1.0,170.0,384,NAND,NVMe,0.15,25.5,Ethernet,333.85,422.2,35.72,187.34,1913.3,8261.12,3602.59,2.42,18.24,25.9,8.34,6537.04,331.32,175.24,208.39,191.1
46,47,isc20,Oracle Cloud Infrastructure,yes,-1.0,Oracle Cloud Infrastructure,Oracle Cloud Infrastructure,7/13/2020,6/7/2020,Spectrum Scale,5.0.5.0,48,768,16,CentOS,7.8.2003,3.10.0-1127.10.1.el7.x86_64,40.0,10.0,768,NAND,NVMe,100GbE,40.0,10.0,400.0,768,NAND,NVMe,0.15,60.0,Ethernet,83.34,93.46,4.73,40.29,986.28,796.96,408.9,18.9,28.14,48.68,10.08,2211.69,151.28,34.91,144.06,70.91
80,81,sc19,Palmetto Burstbuffer,no,-1.0,Clemson University,AdvancedHPC,11/1/2019,5/1/2019,BeeGFS,7.1.3,10,120,12,Oracle Linux UEK,7.6,4.1.12-103.9.4.el7uek.x86_64,4.0,2.0,512,NAND,NVMe,IB-EDR,4.0,24.0,96.0,512,NAND,NVMe,0.15,14.4,IB-EDR,20.87,29.59,3.51,13.06,34.39,190.59,48.81,3.91,15.52,55.58,2.61,957.46,42.99,12.97,35.8,21.55
69,70,sc19,Penguin-ASG-NVBeeOne,no,-1.0,Penguin Computing Benchmarking and Innovation Lab,Penguin Computing/Excelero,11/12/2019,8/12/2019,BeeGFS,7.1.3,10,320,32,Red Hat Enterprise Linux,7.6,3.10.0-957.27.2.el7.x86_64,8.0,4.0,-1,NAND,NVMe,IB-EDR,8.0,9.0,72.0,-1,NAND,NVMe,0.15,10.8,IB-EDR,30.96,57.52,1.76,31.46,156.84,1681.39,120.22,7.85,25.48,107.33,7.33,772.36,87.37,17.71,88.76,39.65
52,53,isc20,Polytechnic RSC Tornado,no,-1.0,SPbPU,RSC Group,7/13/2020,None,Lustre,2.13.0,59,944,16,CentOS,7.7.1908,3.10.0-1062.1.1.el7.x86_64,4.0,2.0,187,NAND,NVMe,IB-FDR,55.0,2.0,110.0,187,NAND,NVMe,0.15,16.5,IB,124.8,194.97,2.98,2.98,188.81,735.71,134.52,88.86,304.47,380.5,64.77,146.54,155.88,21.56,191.73,64.29
14,15,isc20,Presque,no,-1.0,Argonne National Laboratory,Argonne National Laboratory,7/13/2020,11/15/2019,DAOS,1.1,10,380,38,Red Hat Enterprise Linux,7.7,3.10.0-1062.4.3.el7.x86_64,8.0,12.0,384,3DXP,DIMM,100GbE,8.0,12.0,96.0,384,NAND,NVMe,0.15,14.4,100GbE,133.28,131.95,80.92,59.19,3315.18,3403.63,1916.96,725.92,1575.54,2900.14,1822.73,2177.51,1234.37,95.8,2026.8,440.64
8,9,isc20,Presque,no,-1.0,Argonne National Laboratory,Argonne National Laboratory,7/13/2020,11/15/2019,DAOS,1.1,16,544,34,Red Hat Enterprise Linux,7.7,3.10.0-1062.4.3.el7.x86_64,10.0,12.0,384,3DXP,DIMM,100GbE,10.0,12.0,120.0,384,NAND,NVMe,0.15,18.0,100GbE,114.58,130.23,112.27,81.77,4386.2,4521.23,2559.27,924.09,2100.11,3730.5,2357.16,2969.3,1544.19,108.19,2668.57,537.31
113,114,isc20,SDumont,no,-1.0,LNCC,Cay/HPE,7/13/2020,1/13/2016,Lustre,2.12,10,240,24,Red Hat Enterprise Linux,7.6,3.10.0-957.el7.x86_64,1.0,40.0,64,HDD,SAS,IB-FDR,10.0,4.0,40.0,32,HDD,SAS,0.02,0.8,IB-FDR,16.89,14.55,0.08,1.56,0.17,13.59,21.99,0.17,5.28,15.36,8.11,12.28,5.64,2.32,4.02,3.06
84,85,sc19,Sherlock/Fir,no,-1.0,Stanford,"Dell, QCT, HGST",11/8/2019,2/5/2019,Lustre,2.12.3,10,240,24,CentOS,7.6.1810,3.10.0-957.27.2.el7.x86_64,4.0,1.0,-1,NAND,SAS,IB-HDR,16.0,6.0,96.0,-1,NAND,SAS,0.15,14.4,IB-HDR,25.01,23.23,0.56,2.29,84.52,354.37,52.55,20.93,40.98,34.23,12.39,475.48,46.64,5.23,63.74,18.25
99,100,sc19,Sherlock/Oak,no,-1.0,Stanford,"Dell, QCT, HGST",11/8/2019,11/1/2016,Lustre,2.12.3,10,240,24,CentOS,7.6.1810,3.10.0-957.27.2.el7.x86_64,2.0,2.0,3072,NAND,SAS,IB-FDR,8.0,22.0,176.0,-1,NAND,SAS,0.15,26.4,IB,7.15,7.83,0.23,0.98,15.43,185.7,20.64,8.42,46.75,60.05,15.32,914.54,26.68,1.89,45.87,9.31
104,105,sc19,Sherlock/Regal,no,-1.0,Stanford,Dell,11/8/2019,5/28/2013,Lustre,2.8.0,10,160,16,CentOS,7.6.1810,3.10.0-957.27.2.el7.x86_64,1.0,1.0,128,HDD,SAS,IB-FDR,18.0,6.0,108.0,128,HDD,SAS,0.02,2.16,IB,3.66,6.68,0.42,0.71,13.11,129.69,12.34,11.73,19.32,41.74,7.74,459.78,19.3,1.64,30.28,7.05
44,45,sc19,TStor3000,no,-1.0,State Key Laboratory of High-end Server & Storage Technology,INSPUR,11/7/2019,10/10/2019,BeeGFS,7.1.3,10,300,30,CentOS,7.6.1810,3.10.0-957.el7.x86_64,24.0,3.0,384,3DXP,DIMM,IB-EDR,24.0,8.0,192.0,384,NAND,NVMe,0.15,28.8,IB-EDR,105.1,97.26,6.43,43.56,478.03,2621.06,762.01,8.47,26.92,121.68,11.87,1809.67,175.43,41.14,165.71,82.57
20,21,sc19,Tera-1000,no,-1.0,CEA,DDN,11/7/2019,9/16/2019,Lustre,2.12.3,128,4096,32,CentOS,7.6.1810,3.10.0-957.21.3,128.0,1.0,75,NAND,NVMe,IB-EDR,128.0,1.0,128.0,75,NAND,None,0.15,19.2,IB-EDR,836.65,789.34,4.49,14.51,1317.85,384.57,676.12,465.51,348.6,730.73,243.33,795.81,486.73,81.01,545.74,210.26
13,14,sc19,Tianhe-2E,no,-1.0,National Supercomputing Center in Changsha,National University of Defense Technology,11/10/2019,8/1/2019,Lustre,2.12.2,480,5280,11,Kylin Linux,4,3.10.0,40.0,1.0,6144,NAND,NVMe,Omnipath,52.0,11.0,572.0,384,NAND,NVMe,0.15,85.8,Omnipath,608.64,613.53,31.87,161.64,1099.18,2416.4,961.62,554.07,779.21,2419.15,203.5,1603.06,988.79,209.43,982.78,453.68
65,66,sc19,Tianhe-2E,no,-1.0,National Supercomputing Center in Changsha,National University of Defense Technology,11/11/2019,8/1/2019,Lustre,2.12.2,10,160,16,Kylin Linux,4,3.10.0,40.0,1.0,6144,NAND,NVMe,Omnipath,52.0,11.0,572.0,384,NAND,NVMe,0.15,85.8,Omnipath,172.24,96.01,5.21,13.27,117.84,49.65,180.85,20.08,21.89,49.42,25.42,2042.91,97.22,32.71,76.67,50.08
64,65,sc19,Tianhe-2E,no,-1.0,National Supercomputing Center in Changsha,National University of Defense Technology,11/12/2019,8/1/2019,Lustre,2.12.2,10,160,16,Kylin Linux,4,3.10.0,40.0,1.0,6144,NAND,NVMe,Omnipath,52.0,11.0,572.0,384,NAND,NVMe,0.15,85.8,Omnipath,185.44,107.45,6.62,11.46,108.73,49.66,212.8,20.3,22.14,49.67,25.29,2305.16,101.39,35.06,78.86,52.58
93,94,sc19,TigerShark,no,-1.0,SUSE,"SUSE, Intel, Lenovo",11/7/2019,11/1/2018,CephFS,6 (14.2.4),10,80,8,SUSE Linux Enterprise,15 SP1,4.12.14-197.21-default,15.0,1.0,32,NAND,NVMe,100GbE,10.0,12.0,120.0,96,NAND,SATA,0.15,18.0,100GbE,14.62,7.72,1.27,3.23,25.74,105.16,18.02,9.29,37.03,41.55,6.28,348.84,29.1,4.64,33.34,12.43
89,90,sc19,TigerShark,no,-1.0,SUSE,"SUSE, Intel, Lenovo",11/7/2019,11/1/2018,CephFS,6 (14.2.4),15,120,8,SUSE Linux Enterprise,15 SP1,4.12.14-197.21-default,15.0,1.0,32,NAND,NVMe,100GbE,10.0,12.0,120.0,96,NAND,SATA,0.15,18.0,100GbE,16.07,9.14,1.57,4.7,32.82,127.92,20.84,12.92,41.64,68.79,6.22,250.5,34.51,5.74,38.72,14.91
92,93,sc19,Vast,no,-1.0,"Janelia Research Campus, HHMI",Vast Data,11/11/2019,19-Jan,None,2.0.6,88,2816,32,Scientific-Linux,7.6,3.10.0-957.10.1.el7.x86_64,12.0,3.0,-1,3DXP,NVMe,50GbE,6.0,36.0,216.0,-1,NAND,NVMe,0.15,32.4,Ethernet,12.35,39.04,2.26,4.39,44.7,306.3,65.34,1.32,33.21,52.11,1.72,4.4,24.11,8.31,18.79,12.5
101,102,sc19,Vast,no,-1.0,"Janelia Research Campus, HHMI",Vast Data,11/4/2019,19-Jan,None,2.0.1,10,820,82,Scientific-Linux,7.7,3.10.0-957.10.1.el7.x86_64,12.0,3.0,-1,3DXP,NVMe,50GbE,6.0,36.0,216.0,-1,NAND,NVMe,0.15,32.4,Ethernet,12.35,16.27,1.74,4.55,15.63,130.99,31.14,0.68,7.61,11.36,0.82,37.31,14.61,6.31,10.17,8.01
108,109,isc20,Vast,no,-1.0,"Janelia Research Campus, HHMI",Vast Data,7/13/2020,11/1/2019,None,2.0.7,10,620,62,Scientific-Linux,7.7,3.10.0-1062.9.1.el7.x86_64,4.0,12.0,-1,3DXP,NVMe,50GbE,1.0,132.0,132.0,-1,NAND,NVMe,0.15,19.8,100GbE,2.89,12.63,1.1,3.75,12.46,84.28,9.63,2.25,11.52,20.81,1.79,21.22,12.62,3.51,10.95,6.2
110,111,isc20,Vast,no,-1.0,"Janelia Research Campus, HHMI",Vast Data,7/13/2020,12/1/2019,None,2.0.7,10,620,62,Scientific-Linux,7.7,3.10.0-1062.9.1.el7.x86_64,4.0,12.0,-1,3DXP,NVMe,50GbE,1.0,132.0,132.0,-1,NAND,NVMe,0.15,19.8,100GbE,3.02,13.08,1.14,3.57,12.8,82.42,10.24,2.27,11.88,22.25,2.02,0.42,9.37,3.56,6.96,4.98
98,99,isc20,Vast,no,-1.0,"Janelia Research Campus, HHMI",Vast Data,7/13/2020,19-Jan,None,2.0.6,10,620,62,Scientific-Linux,7.6,3.10.0-957.10.1.el7.x86_64,24.0,12.0,-1,3DXP,NVMe,50GbE,6.0,36.0,216.0,-1,NAND,NVMe,0.15,32.4,100GbE,9.9,20.06,1.85,4.47,25.83,265.67,28.24,0.69,81.21,10.38,0.84,31.84,19.26,6.36,15.32,9.87
27,28,isc20,Venus2,no,-1.0,National Supercomputer Center in Guangzhou,National Supercomputer Center in Guangzhou,7/13/2020,4/28/2020,kapok,1,10,260,26,CentOS,7.3.1611,3.10.0-514.el7.x86_64,20.0,1.0,64,NAND,SATA,None,38.0,1.0,38.0,64,NAND,NVMe,0.15,5.7,Ethernet,38.7,64.1,9.92,35.73,277.09,1355.07,647.3,209.1,438.04,1245.93,532.29,4684.31,421.8,30.62,716.11,148.08
9,10,sc19,Wolf,no,-1.0,Intel,Intel,11/8/2019,None,DAOS,0.6,10,310,31,CentOS,7.7.1908,3.10.0-1062.1.2.el7.x86_64,0.0,-1.0,-1,None,None,None,24.0,2.0,48.0,128,3DXP,DIMM,10.0,480.0,Omnipath,108.31,185.12,93.18,126.12,2615.89,2856.7,1880.53,1273.79,1897.29,2829.32,1869.05,2565.53,1399.89,123.89,2152.46,516.41
3,4,sc19,Wolf,no,-1.0,Intel,Intel,11/8/2019,None,DAOS,0.6,26,728,28,CentOS,7.7.1908,3.10.0-1062.1.2.el7.x86_64,0.0,-1.0,-1,None,None,None,24.0,2.0,48.0,128,3DXP,DIMM,10.0,480.0,Omnipath,108.24,308.91,122.91,275.09,6003.6,7237.0,4556.56,2417.72,4067.59,6870.7,4551.32,4283.79,2705.53,183.36,4753.79,933.64
5,6,isc20,Wolf,no,-1.0,Intel,Intel,7/13/2020,None,DAOS,1.1,10,420,42,CentOS,7.7.1908,3.10.0-1062.12.1.el7.x86_64,0.0,-1.0,-1,None,None,None,30.0,2.0,60.0,512,3DXP,DIMM,10.0,600.0,Omnipath,178.29,212.83,120.62,161.04,4828.03,4600.36,2795.34,2317.04,3231.39,4109.81,2768.94,4194.62,2126.15,164.77,3493.56,758.71
0,1,isc20,Wolf,no,-1.0,Intel,Intel,7/13/2020,None,DAOS,1.1,52,1664,32,CentOS,7.7.1908,3.10.0-1062.12.1.el7.x86_64,0.0,-1.0,-1,None,None,None,30.0,2.0,60.0,512,3DXP,DIMM,10.0,600.0,Omnipath,243.64,575.59,261.22,520.92,12326.3,11928.8,6897.99,5646.53,8620.14,10723.2,6695.91,8838.37,5103.14,371.67,8649.57,1792.98
36,37,isc20,bracewell,no,-1.0,CSIRO,Dell/DDN,7/13/2020,8/8/2018,Lustre,2.12.3,10,400,40,CentOS,7.7.1908,3.1,8.0,4.0,192,NAND,NVMe,IB-EDR,8.0,20.0,160.0,192,NAND,NVMe,0.15,24.0,IB-EDR,135.03,133.62,10.44,13.46,206.33,485.45,186.4,150.71,208.81,378.14,124.15,532.46,227.7,39.9,248.81,99.64
50,51,sc19,bracewell,no,-1.0,CSIRO,Dell/ThinkParQ,11/8/2019,10/2/2018,beegfs,7.1.3,10,160,16,SUSE Linux Enterprise,12 SP 4,4.12,2.0,24.0,384,NAND,NVMe,IB-EDR,9.0,24.0,216.0,192,NAND,NVMe,0.15,32.4,IB-EDR,111.55,92.99,2.11,59.47,152.16,921.71,230.53,11.03,38.05,130.82,18.78,2789.71,141.25,33.77,132.15,66.8
39,40,sc19,bracewell scratch2,no,-1.0,CSIRO,Dell/ThinkParQ,11/12/2019,10/2/2018,beegfs,7.1.3,26,260,10,SUSE Linux Enterprise,12 SP 4,4.12,2.0,24.0,384,NAND,NVMe,IB-EDR,12.0,24.0,288.0,192,NAND,NVMe,0.15,43.2,IB-EDR,228.98,180.44,5.43,101.64,143.57,882.77,231.88,10.95,36.15,139.09,17.56,2910.62,177.59,69.1,130.23,94.86
107,108,sc19,dm11,no,-1.0,"Janelia Research Campus, HHMI",None,11/10/2019,3/1/2018,None,8.1.2,10,760,76,Scientific-Linux,7.6,3.10.0-957.10.1.el7.x86_64,12.0,15.0,-1,NAND,SAS,40GbE,56.0,15.0,840.0,-1,HDD,SATA,0.02,16.8,Ethernet,16.13,13.39,0.04,5.95,102.15,290.65,12.64,0.99,18.05,13.61,0.35,123.22,14.61,2.61,15.82,6.42
45,46,sc19,iFLYTEK,no,-1.0,iFLYTEK,Yanrong,11/1/2019,19-Sep,YRCloudFile,6,10,200,20,CentOS,7.4.1708,4.12.14,20.0,1.0,128,NAND,NVMe,IB-EDR,10.0,2.0,20.0,128,NAND,NVMe,0.15,3.0,IB-EDR,33.18,10.96,6.19,14.99,268.01,1084.31,199.0,179.91,241.76,909.83,258.9,3110.12,237.64,13.55,455.18,78.54
54,55,sc19,iFLYTEK,no,-1.0,iFLYTEK,Yanrong,11/5/2019,19-Sep,YRCloudFile,6,10,200,20,CentOS,7.4.1708,4.12.14,20.0,1.0,128,NAND,NVMe,IB-EDR,10.0,2.0,20.0,128,NAND,NVMe,0.15,3.0,IB-EDR,25.72,9.58,4.48,15.33,195.2,943.16,163.99,157.2,236.34,889.57,217.29,1268.88,191.48,11.41,358.87,63.98
112,113,sc19,nearline4,no,-1.0,"Janelia Research Campus, HHMI",Qumulo,11/10/2019,11/1/2018,QumuloFS,2.14.0.1,10,760,76,Scientific-Linux,7.6,3.10.0-957.10.1.el7.x86_64,-1.0,3.0,-1,NAND,SATA,None,40.0,12.0,480.0,-1,HDD,SATA,0.02,9.6,Ethernet,6.71,8.32,0.13,4.99,8.17,147.78,5.64,0.18,11.88,10.28,0.18,31.02,7.07,2.45,5.49,3.67
111,112,sc19,nrs,no,-1.0,"Janelia Research Campus, HHMI",Qumulo,11/10/2019,9/1/2016,QumuloFS,2.14.0.1,10,760,76,Scientific-Linux,7.6,3.10.0-957.10.1.el7.x86_64,-1.0,13.0,-1,NAND,SATA,None,20.0,26.0,520.0,-1,HDD,SATA,0.02,10.4,Ethernet,5.44,13.37,0.17,5.71,9.03,171.2,10.77,0.21,9.81,9.07,0.18,35.32,8.01,2.88,6.11,4.19
78,79,sc19,sharedscratch,no,-1.0,"Janelia Research Campus, HHMI",WekaIO,11/4/2019,19-Feb,wekaio,3.4.6,10,400,40,Scientific-Linux,7.7,3.10.0-957.10.1.el7.x86_64,0.0,-1.0,-1,None,None,None,20.0,4.0,80.0,96,NAND,NVMe,0.15,12.0,Ethernet,21.65,17.85,7.28,25.19,22.12,1594.65,21.55,3.89,28.65,11.68,3.63,1058.55,47.76,16.32,37.37,24.7
71,72,sc19,sharedscratch,no,-1.0,"Janelia Research Campus, HHMI",WekaIO,11/8/2019,19-Feb,wekaio,3.5.2,10,1440,144,Scientific-Linux,7.7,3.10.0-957.10.1.el7.x86_64,0.0,-1.0,-1,None,None,None,20.0,4.0,80.0,96,NAND,NVMe,0.15,12.0,Ethernet,27.19,16.0,12.06,22.73,34.64,2295.84,33.41,9.71,111.38,43.15,8.88,647.98,77.14,18.58,71.9,36.55
66,67,sc19,sharedscratch,no,-1.0,"Janelia Research Campus, HHMI",WekaIO,11/9/2019,19-Feb,wekaio,3.5.2,18,1368,76,Scientific-Linux,7.7,3.10.0-957.10.1.el7.x86_64,0.0,-1.0,-1,None,None,None,20.0,4.0,80.0,96,NAND,NVMe,0.15,12.0,Ethernet,28.56,32.55,12.93,39.35,34.44,3067.65,34.05,10.78,195.56,77.34,10.12,767.2,100.97,26.22,90.62,48.75
74,75,isc20,sharedscratch,no,-1.0,"Janelia Research Campus, HHMI",WekaIO,7/13/2020,19-Feb,wekaio,3.7.0,10,600,60,Scientific-Linux,7.7,3.10.0-1062.9.1.el7.x86_64,0.0,-1.0,-1,None,None,None,20.0,4.0,80.0,192,NAND,NVMe,0.15,12.0,Ethernet,11.71,22.59,9.0,9.74,33.73,1088.99,32.47,14.51,91.44,147.39,17.36,407.6,72.17,12.34,79.83,31.39
